Geneid,Chr,Start,End,Strand,Length,Serum_1,Serum_2,Serum_3,HSerum_1,HSerum_2,HSerum_3,BHI_1,BHI_2,BHI_3,Avg_Serum,Avg_HSerum,Avg_BHI,Gene_Name,Product
IBPFAHIO_00238,tig00000001,230173,232353,+,2181,0,0,0,64,90,129,2,94,65,0,94.3333333333333,53.6666666666667,yhgF,Protein YhgF
IBPFAHIO_01895,tig00000001,1899732,1900277,+,546,0,0,0,108,155,2,179,2,168,0,88.3333333333333,116.333333333333,NA,hypothetical protein
IBPFAHIO_02435,tig00000001,2434629,2436020,+,1392,0,0,0,93,0,144,138,0,155,0,79,97.6666666666667,NA,hypothetical protein
IBPFAHIO_03143,tig00000009,8827,9543,+,717,0,0,0,163,0,56,261,37,1,0,73,99.6666666666667,NA,hypothetical protein
IBPFAHIO_02236,tig00000001,2233538,2234698,+,1161,0,0,0,154,21,14,73,64,47,0,63,61.3333333333333,ghrB_2,Glyoxylate/hydroxypyruvate reductase B
IBPFAHIO_01210,tig00000001,1184980,1188501,-,3522,0,0,0,28,0,125,158,47,0,0,51,68.3333333333333,mfd,Transcription-repair-coupling factor
